format_1,,format_2,Keyword 1,SV,Keyword 2,SV,VTT or SRT?,Already on HappyScribe?,URL
csv, to ,srt,convert csv to srt,10,csv to srt,10,x,No,https://www.happyscribe.com/subtitle-tools/convert-csv-to-srt
dfxp, to ,srt,convert dfxp to srt,,dfxp to srt,10,x,No,https://www.happyscribe.com/subtitle-tools/convert-dfxp-to-srt
idx, to ,srt,convert idx to srt,,idx to srt,10,x,No,https://www.happyscribe.com/subtitle-tools/convert-idx-to-srt
itt, to ,srt,convert itt to srt,10,itt to srt,,x,No,https://www.happyscribe.com/subtitle-tools/convert-itt-to-srt
lrc, to ,srt,convert lrc to srt,,lrc to srt,10,x,No,https://www.happyscribe.com/subtitle-tools/convert-lrc-to-srt
pdf, to ,srt,convert pdf to srt,10,pdf to srt,60,x,No,https://www.happyscribe.com/subtitle-tools/convert-pdf-to-srt
pdf, to ,vtt,convert pdf to vtt,,pdf to vtt,10,x,No,https://www.happyscribe.com/subtitle-tools/convert-pdf-to-vtt
pgs, to ,srt,convert pgs to srt,10,pgs to srt,10,x,No,https://www.happyscribe.com/subtitle-tools/convert-pgs-to-srt
sbv, to ,srt,convert sbv to srt,40,sbv to srt,150,x,No,https://www.happyscribe.com/subtitle-tools/convert-sbv-to-srt
sbv, to ,vtt,convert sbv to vtt,10,sbv to vtt,30,x,No,https://www.happyscribe.com/subtitle-tools/convert-sbv-to-vtt
scc, to ,srt,convert scc to srt,20,scc to srt,30,x,No,https://www.happyscribe.com/subtitle-tools/convert-scc-to-srt
scc, to ,vtt,convert scc to vtt,10,scc to srt,10,x,No,https://www.happyscribe.com/subtitle-tools/convert-scc-to-vtt
smi, to ,srt,convert smi to srt,60,smi to srt,60,x,No,https://www.happyscribe.com/subtitle-tools/convert-smi-to-srt
srt, to ,dfxp,convert srt to dfxp,,srt to dfxp,20,x,No,https://www.happyscribe.com/subtitle-tools/convert-srt-to-dfxp
srt, to ,idx,convert srt to idx,,srt to idx,10,x,No,https://www.happyscribe.com/subtitle-tools/convert-srt-to-idx
srt, to ,lrc,convert srt to lrc,,srt to lrc,20,x,No,https://www.happyscribe.com/subtitle-tools/convert-srt-to-lrc
srt, to ,smi,convert srt to smi,,srt to smi,30,x,No,https://www.happyscribe.com/subtitle-tools/convert-srt-to-smi
srt, to ,ssa,convert srt to ssa,10,srt to ssa,10,x,No,https://www.happyscribe.com/subtitle-tools/convert-srt-to-ssa
srt, to ,stl,convert srt to stl,10,srt to stl,,x,No,https://www.happyscribe.com/subtitle-tools/convert-srt-to-stl
srt, to ,ttml,convert srt to ttml,,srt to ttml,10,x,No,https://www.happyscribe.com/subtitle-tools/convert-srt-to-ttml
srt, to ,webvtt,convert srt to webvtt,20,srt to webvtt,60,x,No,https://www.happyscribe.com/subtitle-tools/convert-srt-to-webvtt
srt, to ,xml,convert srt to xml,,srt to xml,10,x,No,https://www.happyscribe.com/subtitle-tools/convert-srt-to-xml
ssa, to ,srt,convert ssa to srt,10,ssa to srt,20,x,No,https://www.happyscribe.com/subtitle-tools/convert-ssa-to-srt
stl, to ,srt,convert stl to srt,10,stl to srt,10,x,No,https://www.happyscribe.com/subtitle-tools/convert-stl-to-srt
sub, to ,srt,convert sub to srt,10,sub to srt,40,x,No,https://www.happyscribe.com/subtitle-tools/convert-sub-to-srt
sup, to ,srt,convert sup to srt,40,sup to srt,100,x,No,https://www.happyscribe.com/subtitle-tools/convert-sup-to-srt
ttml, to ,srt,convert ttml to srt,10,ttml to srt,40,x,No,https://www.happyscribe.com/subtitle-tools/convert-ttml-to-srt
txt, to ,srt,convert txt to srt,200,txt to srt,400,x,No,https://www.happyscribe.com/subtitle-tools/convert-txt-to-srt
txt, to ,vtt,convert txt to vtt,40,txt to vtt,80,x,No,https://www.happyscribe.com/subtitle-tools/convert-txt-to-vtt
vtt, to ,lrc,convert vtt to lrc,,vtt to lrc,10,x,No,https://www.happyscribe.com/subtitle-tools/convert-vtt-to-lrc
vtt, to ,srt,convert vtt to srt,350,vtt to srt,800,x,No,https://www.happyscribe.com/subtitle-tools/convert-vtt-to-srt
vtt, to ,word,convert vtt to word,90,vtt to word,150,x,No,https://www.happyscribe.com/subtitle-tools/convert-vtt-to-word
webvtt, to ,srt,convert webvtt to srt,10,webvtt to srt,40,x,No,https://www.happyscribe.com/subtitle-tools/convert-webvtt-to-srt
word, to ,srt,convert word to srt,20,word to srt,40,x,No,https://www.happyscribe.com/subtitle-tools/convert-word-to-srt
word, to ,vtt,convert word to vtt,20,word to vtt,10,x,No,https://www.happyscribe.com/subtitle-tools/convert-word-to-vtt
xml, to ,srt,convert xml to srt,,xml to srt,10,x,No,https://www.happyscribe.com/subtitle-tools/convert-xml-to-srt
doc, to ,srt,convert doc to srt,10,doc to srt,20,x,Word?,https://www.happyscribe.com/subtitle-tools/convert-doc-to-srt
doc, to ,vtt,convert doc to vtt,,doc to vtt,10,x,Word?,https://www.happyscribe.com/subtitle-tools/convert-doc-to-vtt
docx, to ,srt,convert docx to srt,10,docx to srt,30,x,Word?,https://www.happyscribe.com/subtitle-tools/convert-docx-to-srt
docx, to ,vtt,convert docx to vtt,10,docx to vtt,10,x,Word?,https://www.happyscribe.com/subtitle-tools/convert-docx-to-vtt
srt, to ,doc,convert srt to doc,10,srt to doc,30,x,Word?,https://www.happyscribe.com/subtitle-tools/convert-srt-to-doc
srt, to ,docx,convert srt to docx,10,srt to docx,20,x,Word?,https://www.happyscribe.com/subtitle-tools/convert-srt-to-docx
vtt, to ,doc,convert vtt to doc,10,vtt to doc,40,x,Word?,https://www.happyscribe.com/subtitle-tools/convert-vtt-to-doc
vtt, to ,docx,convert vtt to docx,10,vtt to docx,50,x,Word?,https://www.happyscribe.com/subtitle-tools/convert-vtt-to-docx
srt, to ,pdf,convert srt to pdf,50,srt to pdf,150,x,Yes,https://www.happyscribe.com/subtitle-tools/convert-srt-to-pdf
srt, to ,txt,convert srt to txt,150,srt to txt,500,x,Yes,https://www.happyscribe.com/subtitle-tools/convert-srt-to-txt
srt, to ,vtt,convert srt to vtt,400,srt to vtt,800,x,Yes,https://www.happyscribe.com/subtitle-tools/convert-srt-to-vtt
srt, to ,word,convert srt to word,30,srt to word,100,x,Yes,https://www.happyscribe.com/subtitle-tools/convert-srt-to-word
vtt, to ,pdf,convert vtt to pdf,30,vtt to pdf,150,x,Yes,https://www.happyscribe.com/subtitle-tools/convert-vtt-to-pdf
vtt, to ,txt,convert vtt to txt,100,vtt to txt,250,x,Yes,https://www.happyscribe.com/subtitle-tools/convert-vtt-to-txt
pdf, to ,stl,convert pdf to stl,60,pdf to stl,200,,,https://www.happyscribe.com/subtitle-tools/convert-pdf-to-stl
stl, to ,pdf,convert stl to pdf,20,stl to pdf,90,,,https://www.happyscribe.com/subtitle-tools/convert-stl-to-pdf
srt, to ,scc,convert srt to scc,70,srt to scc,80,,,https://www.happyscribe.com/subtitle-tools/convert-srt-to-scc
txt, to ,stl,convert txt to stl,,txt to stl,30,,,https://www.happyscribe.com/subtitle-tools/convert-txt-to-stl
sbv, to ,txt,convert sbv to txt,,sbv to txt,20,,,https://www.happyscribe.com/subtitle-tools/convert-sbv-to-txt
csv, to ,stl,convert csv to stl,,csv to stl,10,,,https://www.happyscribe.com/subtitle-tools/convert-csv-to-stl
sbv, to ,pdf,convert sbv to pdf,,sbv to pdf,10,,,https://www.happyscribe.com/subtitle-tools/convert-sbv-to-pdf
stl, to ,txt,convert stl to txt,,stl to txt,10,,,https://www.happyscribe.com/subtitle-tools/convert-stl-to-txt
xml, to ,stl,convert xml to stl,,xml to stl,10,,,https://www.happyscribe.com/subtitle-tools/convert-xml-to-stl
ttml, to ,txt,convert ttml to txt,,ttml to txt,10,,,https://www.happyscribe.com/subtitle-tools/convert-ttml-to-txt
word, to ,stl,convert word to stl,,word to stl,10,,,https://www.happyscribe.com/subtitle-tools/convert-word-to-stl
csv, to ,qt,convert csv to qt,,csv to qt,,,,https://www.happyscribe.com/subtitle-tools/convert-csv-to-qt
csv, to ,sbv,convert csv to sbv,,csv to sbv,,,,https://www.happyscribe.com/subtitle-tools/convert-csv-to-sbv
csv, to ,smi,convert csv to smi,,csv to smi,,,,https://www.happyscribe.com/subtitle-tools/convert-csv-to-smi
csv, to ,dfxp,convert csv to dfxp,,csv to dfxp,,,,https://www.happyscribe.com/subtitle-tools/convert-csv-to-dfxp
csv, to ,rt,convert csv to rt,,csv to rt,,,,https://www.happyscribe.com/subtitle-tools/convert-csv-to-rt
csv, to ,scc,convert csv to scc,,csv to scc,,,,https://www.happyscribe.com/subtitle-tools/convert-csv-to-scc
csv, to ,ssa,convert csv to ssa,,csv to ssa,,,,https://www.happyscribe.com/subtitle-tools/convert-csv-to-ssa
csv, to ,sub,convert csv to sub,,csv to sub,,,,https://www.happyscribe.com/subtitle-tools/convert-csv-to-sub
csv, to ,ttml,convert csv to ttml,,csv to ttml,,,,https://www.happyscribe.com/subtitle-tools/convert-csv-to-ttml
csv, to ,vtt,convert csv to vtt,,csv to vtt,,,,https://www.happyscribe.com/subtitle-tools/convert-csv-to-vtt
csv, to ,lrc,convert csv to lrc,,csv to lrc,,,,https://www.happyscribe.com/subtitle-tools/convert-csv-to-lrc
csv, to ,sup,convert csv to sup,,csv to sup,,,,https://www.happyscribe.com/subtitle-tools/convert-csv-to-sup
csv, to ,itt,convert csv to itt,,csv to itt,,,,https://www.happyscribe.com/subtitle-tools/convert-csv-to-itt
csv, to ,webvtt,convert csv to webvtt,,csv to webvtt,,,,https://www.happyscribe.com/subtitle-tools/convert-csv-to-webvtt
csv, to ,idx,convert csv to idx,,csv to idx,,,,https://www.happyscribe.com/subtitle-tools/convert-csv-to-idx
csv, to ,rtmp,convert csv to rtmp,,csv to rtmp,,,,https://www.happyscribe.com/subtitle-tools/convert-csv-to-rtmp
csv, to ,pgs,convert csv to pgs,,csv to pgs,,,,https://www.happyscribe.com/subtitle-tools/convert-csv-to-pgs
qt, to ,csv,convert qt to csv,,qt to csv,,,,https://www.happyscribe.com/subtitle-tools/convert-qt-to-csv
qt, to ,sbv,convert qt to sbv,,qt to sbv,,,,https://www.happyscribe.com/subtitle-tools/convert-qt-to-sbv
qt, to ,srt,convert qt to srt,,qt to srt,,,,https://www.happyscribe.com/subtitle-tools/convert-qt-to-srt
qt, to ,stl,convert qt to stl,,qt to stl,,,,https://www.happyscribe.com/subtitle-tools/convert-qt-to-stl
qt, to ,smi,convert qt to smi,,qt to smi,,,,https://www.happyscribe.com/subtitle-tools/convert-qt-to-smi
qt, to ,txt,convert qt to txt,,qt to txt,,,,https://www.happyscribe.com/subtitle-tools/convert-qt-to-txt
qt, to ,xml,convert qt to xml,,qt to xml,,,,https://www.happyscribe.com/subtitle-tools/convert-qt-to-xml
qt, to ,dfxp,convert qt to dfxp,,qt to dfxp,,,,https://www.happyscribe.com/subtitle-tools/convert-qt-to-dfxp
qt, to ,rt,convert qt to rt,,qt to rt,,,,https://www.happyscribe.com/subtitle-tools/convert-qt-to-rt
qt, to ,scc,convert qt to scc,,qt to scc,,,,https://www.happyscribe.com/subtitle-tools/convert-qt-to-scc
qt, to ,ssa,convert qt to ssa,,qt to ssa,,,,https://www.happyscribe.com/subtitle-tools/convert-qt-to-ssa
qt, to ,sub,convert qt to sub,,qt to sub,,,,https://www.happyscribe.com/subtitle-tools/convert-qt-to-sub
qt, to ,ttml,convert qt to ttml,,qt to ttml,,,,https://www.happyscribe.com/subtitle-tools/convert-qt-to-ttml
qt, to ,vtt,convert qt to vtt,,qt to vtt,,,,https://www.happyscribe.com/subtitle-tools/convert-qt-to-vtt
qt, to ,lrc,convert qt to lrc,,qt to lrc,,,,https://www.happyscribe.com/subtitle-tools/convert-qt-to-lrc
qt, to ,word,convert qt to word,,qt to word,,,,https://www.happyscribe.com/subtitle-tools/convert-qt-to-word
qt, to ,pdf,convert qt to pdf,,qt to pdf,,,,https://www.happyscribe.com/subtitle-tools/convert-qt-to-pdf
qt, to ,docx,convert qt to docx,,qt to docx,,,,https://www.happyscribe.com/subtitle-tools/convert-qt-to-docx
qt, to ,doc,convert qt to doc,,qt to doc,,,,https://www.happyscribe.com/subtitle-tools/convert-qt-to-doc
qt, to ,sup,convert qt to sup,,qt to sup,,,,https://www.happyscribe.com/subtitle-tools/convert-qt-to-sup
qt, to ,itt,convert qt to itt,,qt to itt,,,,https://www.happyscribe.com/subtitle-tools/convert-qt-to-itt
qt, to ,webvtt,convert qt to webvtt,,qt to webvtt,,,,https://www.happyscribe.com/subtitle-tools/convert-qt-to-webvtt
qt, to ,idx,convert qt to idx,,qt to idx,,,,https://www.happyscribe.com/subtitle-tools/convert-qt-to-idx
qt, to ,rtmp,convert qt to rtmp,,qt to rtmp,,,,https://www.happyscribe.com/subtitle-tools/convert-qt-to-rtmp
qt, to ,pgs,convert qt to pgs,,qt to pgs,,,,https://www.happyscribe.com/subtitle-tools/convert-qt-to-pgs
sbv, to ,csv,convert sbv to csv,,sbv to csv,,,,https://www.happyscribe.com/subtitle-tools/convert-sbv-to-csv
sbv, to ,qt,convert sbv to qt,,sbv to qt,,,,https://www.happyscribe.com/subtitle-tools/convert-sbv-to-qt
sbv, to ,stl,convert sbv to stl,,sbv to stl,,,,https://www.happyscribe.com/subtitle-tools/convert-sbv-to-stl
sbv, to ,smi,convert sbv to smi,,sbv to smi,,,,https://www.happyscribe.com/subtitle-tools/convert-sbv-to-smi
sbv, to ,xml,convert sbv to xml,,sbv to xml,,,,https://www.happyscribe.com/subtitle-tools/convert-sbv-to-xml
sbv, to ,dfxp,convert sbv to dfxp,,sbv to dfxp,,,,https://www.happyscribe.com/subtitle-tools/convert-sbv-to-dfxp
sbv, to ,rt,convert sbv to rt,,sbv to rt,,,,https://www.happyscribe.com/subtitle-tools/convert-sbv-to-rt
sbv, to ,scc,convert sbv to scc,,sbv to scc,,,,https://www.happyscribe.com/subtitle-tools/convert-sbv-to-scc
sbv, to ,ssa,convert sbv to ssa,,sbv to ssa,,,,https://www.happyscribe.com/subtitle-tools/convert-sbv-to-ssa
sbv, to ,sub,convert sbv to sub,,sbv to sub,,,,https://www.happyscribe.com/subtitle-tools/convert-sbv-to-sub
sbv, to ,ttml,convert sbv to ttml,,sbv to ttml,,,,https://www.happyscribe.com/subtitle-tools/convert-sbv-to-ttml
sbv, to ,lrc,convert sbv to lrc,,sbv to lrc,,,,https://www.happyscribe.com/subtitle-tools/convert-sbv-to-lrc
sbv, to ,word,convert sbv to word,,sbv to word,,,,https://www.happyscribe.com/subtitle-tools/convert-sbv-to-word
sbv, to ,docx,convert sbv to docx,,sbv to docx,,,,https://www.happyscribe.com/subtitle-tools/convert-sbv-to-docx
sbv, to ,doc,convert sbv to doc,,sbv to doc,,,,https://www.happyscribe.com/subtitle-tools/convert-sbv-to-doc
sbv, to ,sup,convert sbv to sup,,sbv to sup,,,,https://www.happyscribe.com/subtitle-tools/convert-sbv-to-sup
sbv, to ,itt,convert sbv to itt,,sbv to itt,,,,https://www.happyscribe.com/subtitle-tools/convert-sbv-to-itt
sbv, to ,webvtt,convert sbv to webvtt,,sbv to webvtt,,,,https://www.happyscribe.com/subtitle-tools/convert-sbv-to-webvtt
sbv, to ,idx,convert sbv to idx,,sbv to idx,,,,https://www.happyscribe.com/subtitle-tools/convert-sbv-to-idx
sbv, to ,rtmp,convert sbv to rtmp,,sbv to rtmp,,,,https://www.happyscribe.com/subtitle-tools/convert-sbv-to-rtmp
sbv, to ,pgs,convert sbv to pgs,,sbv to pgs,,,,https://www.happyscribe.com/subtitle-tools/convert-sbv-to-pgs
srt, to ,csv,convert srt to csv,,srt to csv,,,,https://www.happyscribe.com/subtitle-tools/convert-srt-to-csv
srt, to ,qt,convert srt to qt,,srt to qt,,,,https://www.happyscribe.com/subtitle-tools/convert-srt-to-qt
srt, to ,sbv,convert srt to sbv,,srt to sbv,,,,https://www.happyscribe.com/subtitle-tools/convert-srt-to-sbv
srt, to ,rt,convert srt to rt,,srt to rt,,,,https://www.happyscribe.com/subtitle-tools/convert-srt-to-rt
srt, to ,sub,convert srt to sub,,srt to sub,,,,https://www.happyscribe.com/subtitle-tools/convert-srt-to-sub
srt, to ,sup,convert srt to sup,,srt to sup,,,,https://www.happyscribe.com/subtitle-tools/convert-srt-to-sup
srt, to ,itt,convert srt to itt,,srt to itt,,,,https://www.happyscribe.com/subtitle-tools/convert-srt-to-itt
srt, to ,rtmp,convert srt to rtmp,,srt to rtmp,,,,https://www.happyscribe.com/subtitle-tools/convert-srt-to-rtmp
srt, to ,pgs,convert srt to pgs,,srt to pgs,,,,https://www.happyscribe.com/subtitle-tools/convert-srt-to-pgs
stl, to ,csv,convert stl to csv,,stl to csv,,,,https://www.happyscribe.com/subtitle-tools/convert-stl-to-csv
stl, to ,qt,convert stl to qt,,stl to qt,,,,https://www.happyscribe.com/subtitle-tools/convert-stl-to-qt
stl, to ,sbv,convert stl to sbv,,stl to sbv,,,,https://www.happyscribe.com/subtitle-tools/convert-stl-to-sbv
stl, to ,smi,convert stl to smi,,stl to smi,,,,https://www.happyscribe.com/subtitle-tools/convert-stl-to-smi
stl, to ,xml,convert stl to xml,,stl to xml,,,,https://www.happyscribe.com/subtitle-tools/convert-stl-to-xml
stl, to ,dfxp,convert stl to dfxp,,stl to dfxp,,,,https://www.happyscribe.com/subtitle-tools/convert-stl-to-dfxp
stl, to ,rt,convert stl to rt,,stl to rt,,,,https://www.happyscribe.com/subtitle-tools/convert-stl-to-rt
stl, to ,scc,convert stl to scc,,stl to scc,,,,https://www.happyscribe.com/subtitle-tools/convert-stl-to-scc
stl, to ,ssa,convert stl to ssa,,stl to ssa,,,,https://www.happyscribe.com/subtitle-tools/convert-stl-to-ssa
stl, to ,sub,convert stl to sub,,stl to sub,,,,https://www.happyscribe.com/subtitle-tools/convert-stl-to-sub
stl, to ,ttml,convert stl to ttml,,stl to ttml,,,,https://www.happyscribe.com/subtitle-tools/convert-stl-to-ttml
stl, to ,vtt,convert stl to vtt,,stl to vtt,,,,https://www.happyscribe.com/subtitle-tools/convert-stl-to-vtt
stl, to ,lrc,convert stl to lrc,,stl to lrc,,,,https://www.happyscribe.com/subtitle-tools/convert-stl-to-lrc
stl, to ,word,convert stl to word,,stl to word,,,,https://www.happyscribe.com/subtitle-tools/convert-stl-to-word
stl, to ,docx,convert stl to docx,,stl to docx,,,,https://www.happyscribe.com/subtitle-tools/convert-stl-to-docx
stl, to ,doc,convert stl to doc,,stl to doc,,,,https://www.happyscribe.com/subtitle-tools/convert-stl-to-doc
stl, to ,sup,convert stl to sup,,stl to sup,,,,https://www.happyscribe.com/subtitle-tools/convert-stl-to-sup
stl, to ,itt,convert stl to itt,,stl to itt,,,,https://www.happyscribe.com/subtitle-tools/convert-stl-to-itt
stl, to ,webvtt,convert stl to webvtt,,stl to webvtt,,,,https://www.happyscribe.com/subtitle-tools/convert-stl-to-webvtt
stl, to ,idx,convert stl to idx,,stl to idx,,,,https://www.happyscribe.com/subtitle-tools/convert-stl-to-idx
stl, to ,rtmp,convert stl to rtmp,,stl to rtmp,,,,https://www.happyscribe.com/subtitle-tools/convert-stl-to-rtmp
stl, to ,pgs,convert stl to pgs,,stl to pgs,,,,https://www.happyscribe.com/subtitle-tools/convert-stl-to-pgs
smi, to ,csv,convert smi to csv,,smi to csv,,,,https://www.happyscribe.com/subtitle-tools/convert-smi-to-csv
smi, to ,qt,convert smi to qt,,smi to qt,,,,https://www.happyscribe.com/subtitle-tools/convert-smi-to-qt
smi, to ,sbv,convert smi to sbv,,smi to sbv,,,,https://www.happyscribe.com/subtitle-tools/convert-smi-to-sbv
smi, to ,stl,convert smi to stl,,smi to stl,,,,https://www.happyscribe.com/subtitle-tools/convert-smi-to-stl
smi, to ,txt,convert smi to txt,,smi to txt,,,,https://www.happyscribe.com/subtitle-tools/convert-smi-to-txt
smi, to ,xml,convert smi to xml,,smi to xml,,,,https://www.happyscribe.com/subtitle-tools/convert-smi-to-xml
smi, to ,dfxp,convert smi to dfxp,,smi to dfxp,,,,https://www.happyscribe.com/subtitle-tools/convert-smi-to-dfxp
smi, to ,rt,convert smi to rt,,smi to rt,,,,https://www.happyscribe.com/subtitle-tools/convert-smi-to-rt
smi, to ,scc,convert smi to scc,,smi to scc,,,,https://www.happyscribe.com/subtitle-tools/convert-smi-to-scc
smi, to ,ssa,convert smi to ssa,,smi to ssa,,,,https://www.happyscribe.com/subtitle-tools/convert-smi-to-ssa
smi, to ,sub,convert smi to sub,,smi to sub,,,,https://www.happyscribe.com/subtitle-tools/convert-smi-to-sub
smi, to ,ttml,convert smi to ttml,,smi to ttml,,,,https://www.happyscribe.com/subtitle-tools/convert-smi-to-ttml
smi, to ,vtt,convert smi to vtt,,smi to vtt,,,,https://www.happyscribe.com/subtitle-tools/convert-smi-to-vtt
smi, to ,lrc,convert smi to lrc,,smi to lrc,,,,https://www.happyscribe.com/subtitle-tools/convert-smi-to-lrc
smi, to ,word,convert smi to word,,smi to word,,,,https://www.happyscribe.com/subtitle-tools/convert-smi-to-word
smi, to ,pdf,convert smi to pdf,,smi to pdf,,,,https://www.happyscribe.com/subtitle-tools/convert-smi-to-pdf
smi, to ,docx,convert smi to docx,,smi to docx,,,,https://www.happyscribe.com/subtitle-tools/convert-smi-to-docx
smi, to ,doc,convert smi to doc,,smi to doc,,,,https://www.happyscribe.com/subtitle-tools/convert-smi-to-doc
smi, to ,sup,convert smi to sup,,smi to sup,,,,https://www.happyscribe.com/subtitle-tools/convert-smi-to-sup
smi, to ,itt,convert smi to itt,,smi to itt,,,,https://www.happyscribe.com/subtitle-tools/convert-smi-to-itt
smi, to ,webvtt,convert smi to webvtt,,smi to webvtt,,,,https://www.happyscribe.com/subtitle-tools/convert-smi-to-webvtt
smi, to ,idx,convert smi to idx,,smi to idx,,,,https://www.happyscribe.com/subtitle-tools/convert-smi-to-idx
smi, to ,rtmp,convert smi to rtmp,,smi to rtmp,,,,https://www.happyscribe.com/subtitle-tools/convert-smi-to-rtmp
smi, to ,pgs,convert smi to pgs,,smi to pgs,,,,https://www.happyscribe.com/subtitle-tools/convert-smi-to-pgs
txt, to ,qt,convert txt to qt,,txt to qt,,,,https://www.happyscribe.com/subtitle-tools/convert-txt-to-qt
txt, to ,sbv,convert txt to sbv,,txt to sbv,,,,https://www.happyscribe.com/subtitle-tools/convert-txt-to-sbv
txt, to ,smi,convert txt to smi,,txt to smi,,,,https://www.happyscribe.com/subtitle-tools/convert-txt-to-smi
txt, to ,dfxp,convert txt to dfxp,,txt to dfxp,,,,https://www.happyscribe.com/subtitle-tools/convert-txt-to-dfxp
txt, to ,rt,convert txt to rt,,txt to rt,,,,https://www.happyscribe.com/subtitle-tools/convert-txt-to-rt
txt, to ,scc,convert txt to scc,,txt to scc,,,,https://www.happyscribe.com/subtitle-tools/convert-txt-to-scc
txt, to ,ssa,convert txt to ssa,,txt to ssa,,,,https://www.happyscribe.com/subtitle-tools/convert-txt-to-ssa
txt, to ,sub,convert txt to sub,,txt to sub,,,,https://www.happyscribe.com/subtitle-tools/convert-txt-to-sub
txt, to ,ttml,convert txt to ttml,,txt to ttml,,,,https://www.happyscribe.com/subtitle-tools/convert-txt-to-ttml
txt, to ,lrc,convert txt to lrc,,txt to lrc,,,,https://www.happyscribe.com/subtitle-tools/convert-txt-to-lrc
txt, to ,sup,convert txt to sup,,txt to sup,,,,https://www.happyscribe.com/subtitle-tools/convert-txt-to-sup
txt, to ,itt,convert txt to itt,,txt to itt,,,,https://www.happyscribe.com/subtitle-tools/convert-txt-to-itt
txt, to ,webvtt,convert txt to webvtt,,txt to webvtt,,,,https://www.happyscribe.com/subtitle-tools/convert-txt-to-webvtt
txt, to ,idx,convert txt to idx,,txt to idx,,,,https://www.happyscribe.com/subtitle-tools/convert-txt-to-idx
txt, to ,rtmp,convert txt to rtmp,,txt to rtmp,,,,https://www.happyscribe.com/subtitle-tools/convert-txt-to-rtmp
txt, to ,pgs,convert txt to pgs,,txt to pgs,,,,https://www.happyscribe.com/subtitle-tools/convert-txt-to-pgs
xml, to ,qt,convert xml to qt,,xml to qt,,,,https://www.happyscribe.com/subtitle-tools/convert-xml-to-qt
xml, to ,sbv,convert xml to sbv,,xml to sbv,,,,https://www.happyscribe.com/subtitle-tools/convert-xml-to-sbv
xml, to ,smi,convert xml to smi,,xml to smi,,,,https://www.happyscribe.com/subtitle-tools/convert-xml-to-smi
xml, to ,dfxp,convert xml to dfxp,,xml to dfxp,,,,https://www.happyscribe.com/subtitle-tools/convert-xml-to-dfxp
xml, to ,rt,convert xml to rt,,xml to rt,,,,https://www.happyscribe.com/subtitle-tools/convert-xml-to-rt
xml, to ,scc,convert xml to scc,,xml to scc,,,,https://www.happyscribe.com/subtitle-tools/convert-xml-to-scc
xml, to ,ssa,convert xml to ssa,,xml to ssa,,,,https://www.happyscribe.com/subtitle-tools/convert-xml-to-ssa
xml, to ,sub,convert xml to sub,,xml to sub,,,,https://www.happyscribe.com/subtitle-tools/convert-xml-to-sub
xml, to ,ttml,convert xml to ttml,,xml to ttml,,,,https://www.happyscribe.com/subtitle-tools/convert-xml-to-ttml
xml, to ,vtt,convert xml to vtt,,xml to vtt,,,,https://www.happyscribe.com/subtitle-tools/convert-xml-to-vtt
xml, to ,lrc,convert xml to lrc,,xml to lrc,,,,https://www.happyscribe.com/subtitle-tools/convert-xml-to-lrc
xml, to ,sup,convert xml to sup,,xml to sup,,,,https://www.happyscribe.com/subtitle-tools/convert-xml-to-sup
xml, to ,itt,convert xml to itt,,xml to itt,,,,https://www.happyscribe.com/subtitle-tools/convert-xml-to-itt
xml, to ,webvtt,convert xml to webvtt,,xml to webvtt,,,,https://www.happyscribe.com/subtitle-tools/convert-xml-to-webvtt
xml, to ,idx,convert xml to idx,,xml to idx,,,,https://www.happyscribe.com/subtitle-tools/convert-xml-to-idx
xml, to ,rtmp,convert xml to rtmp,,xml to rtmp,,,,https://www.happyscribe.com/subtitle-tools/convert-xml-to-rtmp
xml, to ,pgs,convert xml to pgs,,xml to pgs,,,,https://www.happyscribe.com/subtitle-tools/convert-xml-to-pgs
dfxp, to ,csv,convert dfxp to csv,,dfxp to csv,,,,https://www.happyscribe.com/subtitle-tools/convert-dfxp-to-csv
dfxp, to ,qt,convert dfxp to qt,,dfxp to qt,,,,https://www.happyscribe.com/subtitle-tools/convert-dfxp-to-qt
dfxp, to ,sbv,convert dfxp to sbv,,dfxp to sbv,,,,https://www.happyscribe.com/subtitle-tools/convert-dfxp-to-sbv
dfxp, to ,stl,convert dfxp to stl,,dfxp to stl,,,,https://www.happyscribe.com/subtitle-tools/convert-dfxp-to-stl
dfxp, to ,smi,convert dfxp to smi,,dfxp to smi,,,,https://www.happyscribe.com/subtitle-tools/convert-dfxp-to-smi
dfxp, to ,txt,convert dfxp to txt,,dfxp to txt,,,,https://www.happyscribe.com/subtitle-tools/convert-dfxp-to-txt
dfxp, to ,xml,convert dfxp to xml,,dfxp to xml,,,,https://www.happyscribe.com/subtitle-tools/convert-dfxp-to-xml
dfxp, to ,rt,convert dfxp to rt,,dfxp to rt,,,,https://www.happyscribe.com/subtitle-tools/convert-dfxp-to-rt
dfxp, to ,scc,convert dfxp to scc,,dfxp to scc,,,,https://www.happyscribe.com/subtitle-tools/convert-dfxp-to-scc
dfxp, to ,ssa,convert dfxp to ssa,,dfxp to ssa,,,,https://www.happyscribe.com/subtitle-tools/convert-dfxp-to-ssa
dfxp, to ,sub,convert dfxp to sub,,dfxp to sub,,,,https://www.happyscribe.com/subtitle-tools/convert-dfxp-to-sub
dfxp, to ,ttml,convert dfxp to ttml,,dfxp to ttml,,,,https://www.happyscribe.com/subtitle-tools/convert-dfxp-to-ttml
dfxp, to ,vtt,convert dfxp to vtt,,dfxp to vtt,,,,https://www.happyscribe.com/subtitle-tools/convert-dfxp-to-vtt
dfxp, to ,lrc,convert dfxp to lrc,,dfxp to lrc,,,,https://www.happyscribe.com/subtitle-tools/convert-dfxp-to-lrc
dfxp, to ,word,convert dfxp to word,,dfxp to word,,,,https://www.happyscribe.com/subtitle-tools/convert-dfxp-to-word
dfxp, to ,pdf,convert dfxp to pdf,,dfxp to pdf,,,,https://www.happyscribe.com/subtitle-tools/convert-dfxp-to-pdf
dfxp, to ,docx,convert dfxp to docx,,dfxp to docx,,,,https://www.happyscribe.com/subtitle-tools/convert-dfxp-to-docx
dfxp, to ,doc,convert dfxp to doc,,dfxp to doc,,,,https://www.happyscribe.com/subtitle-tools/convert-dfxp-to-doc
dfxp, to ,sup,convert dfxp to sup,,dfxp to sup,,,,https://www.happyscribe.com/subtitle-tools/convert-dfxp-to-sup
dfxp, to ,itt,convert dfxp to itt,,dfxp to itt,,,,https://www.happyscribe.com/subtitle-tools/convert-dfxp-to-itt
dfxp, to ,webvtt,convert dfxp to webvtt,,dfxp to webvtt,,,,https://www.happyscribe.com/subtitle-tools/convert-dfxp-to-webvtt
dfxp, to ,idx,convert dfxp to idx,,dfxp to idx,,,,https://www.happyscribe.com/subtitle-tools/convert-dfxp-to-idx
dfxp, to ,rtmp,convert dfxp to rtmp,,dfxp to rtmp,,,,https://www.happyscribe.com/subtitle-tools/convert-dfxp-to-rtmp
dfxp, to ,pgs,convert dfxp to pgs,,dfxp to pgs,,,,https://www.happyscribe.com/subtitle-tools/convert-dfxp-to-pgs
rt, to ,csv,convert rt to csv,,rt to csv,,,,https://www.happyscribe.com/subtitle-tools/convert-rt-to-csv
rt, to ,qt,convert rt to qt,,rt to qt,,,,https://www.happyscribe.com/subtitle-tools/convert-rt-to-qt
rt, to ,sbv,convert rt to sbv,,rt to sbv,,,,https://www.happyscribe.com/subtitle-tools/convert-rt-to-sbv
rt, to ,srt,convert rt to srt,,rt to srt,,,,https://www.happyscribe.com/subtitle-tools/convert-rt-to-srt
rt, to ,stl,convert rt to stl,,rt to stl,,,,https://www.happyscribe.com/subtitle-tools/convert-rt-to-stl
rt, to ,smi,convert rt to smi,,rt to smi,,,,https://www.happyscribe.com/subtitle-tools/convert-rt-to-smi
rt, to ,txt,convert rt to txt,,rt to txt,,,,https://www.happyscribe.com/subtitle-tools/convert-rt-to-txt
rt, to ,xml,convert rt to xml,,rt to xml,,,,https://www.happyscribe.com/subtitle-tools/convert-rt-to-xml
rt, to ,dfxp,convert rt to dfxp,,rt to dfxp,,,,https://www.happyscribe.com/subtitle-tools/convert-rt-to-dfxp
rt, to ,scc,convert rt to scc,,rt to scc,,,,https://www.happyscribe.com/subtitle-tools/convert-rt-to-scc
rt, to ,ssa,convert rt to ssa,,rt to ssa,,,,https://www.happyscribe.com/subtitle-tools/convert-rt-to-ssa
rt, to ,sub,convert rt to sub,,rt to sub,,,,https://www.happyscribe.com/subtitle-tools/convert-rt-to-sub
rt, to ,ttml,convert rt to ttml,,rt to ttml,,,,https://www.happyscribe.com/subtitle-tools/convert-rt-to-ttml
rt, to ,vtt,convert rt to vtt,,rt to vtt,,,,https://www.happyscribe.com/subtitle-tools/convert-rt-to-vtt
rt, to ,lrc,convert rt to lrc,,rt to lrc,,,,https://www.happyscribe.com/subtitle-tools/convert-rt-to-lrc
rt, to ,word,convert rt to word,,rt to word,,,,https://www.happyscribe.com/subtitle-tools/convert-rt-to-word
rt, to ,pdf,convert rt to pdf,,rt to pdf,,,,https://www.happyscribe.com/subtitle-tools/convert-rt-to-pdf
rt, to ,docx,convert rt to docx,,rt to docx,,,,https://www.happyscribe.com/subtitle-tools/convert-rt-to-docx
rt, to ,doc,convert rt to doc,,rt to doc,,,,https://www.happyscribe.com/subtitle-tools/convert-rt-to-doc
rt, to ,sup,convert rt to sup,,rt to sup,,,,https://www.happyscribe.com/subtitle-tools/convert-rt-to-sup
rt, to ,itt,convert rt to itt,,rt to itt,,,,https://www.happyscribe.com/subtitle-tools/convert-rt-to-itt
rt, to ,webvtt,convert rt to webvtt,,rt to webvtt,,,,https://www.happyscribe.com/subtitle-tools/convert-rt-to-webvtt
rt, to ,idx,convert rt to idx,,rt to idx,,,,https://www.happyscribe.com/subtitle-tools/convert-rt-to-idx
rt, to ,rtmp,convert rt to rtmp,,rt to rtmp,,,,https://www.happyscribe.com/subtitle-tools/convert-rt-to-rtmp
rt, to ,pgs,convert rt to pgs,,rt to pgs,,,,https://www.happyscribe.com/subtitle-tools/convert-rt-to-pgs
scc, to ,csv,convert scc to csv,,scc to csv,,,,https://www.happyscribe.com/subtitle-tools/convert-scc-to-csv
scc, to ,qt,convert scc to qt,,scc to qt,,,,https://www.happyscribe.com/subtitle-tools/convert-scc-to-qt
scc, to ,sbv,convert scc to sbv,,scc to sbv,,,,https://www.happyscribe.com/subtitle-tools/convert-scc-to-sbv
scc, to ,stl,convert scc to stl,,scc to stl,,,,https://www.happyscribe.com/subtitle-tools/convert-scc-to-stl
scc, to ,smi,convert scc to smi,,scc to smi,,,,https://www.happyscribe.com/subtitle-tools/convert-scc-to-smi
scc, to ,txt,convert scc to txt,,scc to txt,,,,https://www.happyscribe.com/subtitle-tools/convert-scc-to-txt
scc, to ,xml,convert scc to xml,,scc to xml,,,,https://www.happyscribe.com/subtitle-tools/convert-scc-to-xml
scc, to ,dfxp,convert scc to dfxp,,scc to dfxp,,,,https://www.happyscribe.com/subtitle-tools/convert-scc-to-dfxp
scc, to ,rt,convert scc to rt,,scc to rt,,,,https://www.happyscribe.com/subtitle-tools/convert-scc-to-rt
scc, to ,ssa,convert scc to ssa,,scc to ssa,,,,https://www.happyscribe.com/subtitle-tools/convert-scc-to-ssa
scc, to ,sub,convert scc to sub,,scc to sub,,,,https://www.happyscribe.com/subtitle-tools/convert-scc-to-sub
scc, to ,ttml,convert scc to ttml,,scc to ttml,,,,https://www.happyscribe.com/subtitle-tools/convert-scc-to-ttml
scc, to ,lrc,convert scc to lrc,,scc to lrc,,,,https://www.happyscribe.com/subtitle-tools/convert-scc-to-lrc
scc, to ,word,convert scc to word,,scc to word,,,,https://www.happyscribe.com/subtitle-tools/convert-scc-to-word
scc, to ,pdf,convert scc to pdf,,scc to pdf,,,,https://www.happyscribe.com/subtitle-tools/convert-scc-to-pdf
scc, to ,docx,convert scc to docx,,scc to docx,,,,https://www.happyscribe.com/subtitle-tools/convert-scc-to-docx
scc, to ,doc,convert scc to doc,,scc to doc,,,,https://www.happyscribe.com/subtitle-tools/convert-scc-to-doc
scc, to ,sup,convert scc to sup,,scc to sup,,,,https://www.happyscribe.com/subtitle-tools/convert-scc-to-sup
scc, to ,itt,convert scc to itt,,scc to itt,,,,https://www.happyscribe.com/subtitle-tools/convert-scc-to-itt
scc, to ,webvtt,convert scc to webvtt,,scc to webvtt,,,,https://www.happyscribe.com/subtitle-tools/convert-scc-to-webvtt
scc, to ,idx,convert scc to idx,,scc to idx,,,,https://www.happyscribe.com/subtitle-tools/convert-scc-to-idx
scc, to ,rtmp,convert scc to rtmp,,scc to rtmp,,,,https://www.happyscribe.com/subtitle-tools/convert-scc-to-rtmp
scc, to ,pgs,convert scc to pgs,,scc to pgs,,,,https://www.happyscribe.com/subtitle-tools/convert-scc-to-pgs
ssa, to ,csv,convert ssa to csv,,ssa to csv,,,,https://www.happyscribe.com/subtitle-tools/convert-ssa-to-csv
ssa, to ,qt,convert ssa to qt,,ssa to qt,,,,https://www.happyscribe.com/subtitle-tools/convert-ssa-to-qt
ssa, to ,sbv,convert ssa to sbv,,ssa to sbv,,,,https://www.happyscribe.com/subtitle-tools/convert-ssa-to-sbv
ssa, to ,stl,convert ssa to stl,,ssa to stl,,,,https://www.happyscribe.com/subtitle-tools/convert-ssa-to-stl
ssa, to ,smi,convert ssa to smi,,ssa to smi,,,,https://www.happyscribe.com/subtitle-tools/convert-ssa-to-smi
ssa, to ,txt,convert ssa to txt,,ssa to txt,,,,https://www.happyscribe.com/subtitle-tools/convert-ssa-to-txt
ssa, to ,xml,convert ssa to xml,,ssa to xml,,,,https://www.happyscribe.com/subtitle-tools/convert-ssa-to-xml
ssa, to ,dfxp,convert ssa to dfxp,,ssa to dfxp,,,,https://www.happyscribe.com/subtitle-tools/convert-ssa-to-dfxp
ssa, to ,rt,convert ssa to rt,,ssa to rt,,,,https://www.happyscribe.com/subtitle-tools/convert-ssa-to-rt
ssa, to ,scc,convert ssa to scc,,ssa to scc,,,,https://www.happyscribe.com/subtitle-tools/convert-ssa-to-scc
ssa, to ,sub,convert ssa to sub,,ssa to sub,,,,https://www.happyscribe.com/subtitle-tools/convert-ssa-to-sub
ssa, to ,ttml,convert ssa to ttml,,ssa to ttml,,,,https://www.happyscribe.com/subtitle-tools/convert-ssa-to-ttml
ssa, to ,vtt,convert ssa to vtt,,ssa to vtt,,,,https://www.happyscribe.com/subtitle-tools/convert-ssa-to-vtt
ssa, to ,lrc,convert ssa to lrc,,ssa to lrc,,,,https://www.happyscribe.com/subtitle-tools/convert-ssa-to-lrc
ssa, to ,word,convert ssa to word,,ssa to word,,,,https://www.happyscribe.com/subtitle-tools/convert-ssa-to-word
ssa, to ,pdf,convert ssa to pdf,,ssa to pdf,,,,https://www.happyscribe.com/subtitle-tools/convert-ssa-to-pdf
ssa, to ,docx,convert ssa to docx,,ssa to docx,,,,https://www.happyscribe.com/subtitle-tools/convert-ssa-to-docx
ssa, to ,doc,convert ssa to doc,,ssa to doc,,,,https://www.happyscribe.com/subtitle-tools/convert-ssa-to-doc
ssa, to ,sup,convert ssa to sup,,ssa to sup,,,,https://www.happyscribe.com/subtitle-tools/convert-ssa-to-sup
ssa, to ,itt,convert ssa to itt,,ssa to itt,,,,https://www.happyscribe.com/subtitle-tools/convert-ssa-to-itt
ssa, to ,webvtt,convert ssa to webvtt,,ssa to webvtt,,,,https://www.happyscribe.com/subtitle-tools/convert-ssa-to-webvtt
ssa, to ,idx,convert ssa to idx,,ssa to idx,,,,https://www.happyscribe.com/subtitle-tools/convert-ssa-to-idx
ssa, to ,rtmp,convert ssa to rtmp,,ssa to rtmp,,,,https://www.happyscribe.com/subtitle-tools/convert-ssa-to-rtmp
ssa, to ,pgs,convert ssa to pgs,,ssa to pgs,,,,https://www.happyscribe.com/subtitle-tools/convert-ssa-to-pgs
sub, to ,csv,convert sub to csv,,sub to csv,,,,https://www.happyscribe.com/subtitle-tools/convert-sub-to-csv
sub, to ,qt,convert sub to qt,,sub to qt,,,,https://www.happyscribe.com/subtitle-tools/convert-sub-to-qt
sub, to ,sbv,convert sub to sbv,,sub to sbv,,,,https://www.happyscribe.com/subtitle-tools/convert-sub-to-sbv
sub, to ,stl,convert sub to stl,,sub to stl,,,,https://www.happyscribe.com/subtitle-tools/convert-sub-to-stl
sub, to ,smi,convert sub to smi,,sub to smi,,,,https://www.happyscribe.com/subtitle-tools/convert-sub-to-smi
sub, to ,txt,convert sub to txt,,sub to txt,,,,https://www.happyscribe.com/subtitle-tools/convert-sub-to-txt
sub, to ,xml,convert sub to xml,,sub to xml,,,,https://www.happyscribe.com/subtitle-tools/convert-sub-to-xml
sub, to ,dfxp,convert sub to dfxp,,sub to dfxp,,,,https://www.happyscribe.com/subtitle-tools/convert-sub-to-dfxp
sub, to ,rt,convert sub to rt,,sub to rt,,,,https://www.happyscribe.com/subtitle-tools/convert-sub-to-rt
sub, to ,scc,convert sub to scc,,sub to scc,,,,https://www.happyscribe.com/subtitle-tools/convert-sub-to-scc
sub, to ,ssa,convert sub to ssa,,sub to ssa,,,,https://www.happyscribe.com/subtitle-tools/convert-sub-to-ssa
sub, to ,ttml,convert sub to ttml,,sub to ttml,,,,https://www.happyscribe.com/subtitle-tools/convert-sub-to-ttml
sub, to ,vtt,convert sub to vtt,,sub to vtt,,,,https://www.happyscribe.com/subtitle-tools/convert-sub-to-vtt
sub, to ,lrc,convert sub to lrc,,sub to lrc,,,,https://www.happyscribe.com/subtitle-tools/convert-sub-to-lrc
sub, to ,word,convert sub to word,,sub to word,,,,https://www.happyscribe.com/subtitle-tools/convert-sub-to-word
sub, to ,pdf,convert sub to pdf,,sub to pdf,,,,https://www.happyscribe.com/subtitle-tools/convert-sub-to-pdf
sub, to ,docx,convert sub to docx,,sub to docx,,,,https://www.happyscribe.com/subtitle-tools/convert-sub-to-docx
sub, to ,doc,convert sub to doc,,sub to doc,,,,https://www.happyscribe.com/subtitle-tools/convert-sub-to-doc
sub, to ,sup,convert sub to sup,,sub to sup,,,,https://www.happyscribe.com/subtitle-tools/convert-sub-to-sup
sub, to ,itt,convert sub to itt,,sub to itt,,,,https://www.happyscribe.com/subtitle-tools/convert-sub-to-itt
sub, to ,webvtt,convert sub to webvtt,,sub to webvtt,,,,https://www.happyscribe.com/subtitle-tools/convert-sub-to-webvtt
sub, to ,idx,convert sub to idx,,sub to idx,,,,https://www.happyscribe.com/subtitle-tools/convert-sub-to-idx
sub, to ,rtmp,convert sub to rtmp,,sub to rtmp,,,,https://www.happyscribe.com/subtitle-tools/convert-sub-to-rtmp
sub, to ,pgs,convert sub to pgs,,sub to pgs,,,,https://www.happyscribe.com/subtitle-tools/convert-sub-to-pgs
ttml, to ,csv,convert ttml to csv,,ttml to csv,,,,https://www.happyscribe.com/subtitle-tools/convert-ttml-to-csv
ttml, to ,qt,convert ttml to qt,,ttml to qt,,,,https://www.happyscribe.com/subtitle-tools/convert-ttml-to-qt
ttml, to ,sbv,convert ttml to sbv,,ttml to sbv,,,,https://www.happyscribe.com/subtitle-tools/convert-ttml-to-sbv
ttml, to ,stl,convert ttml to stl,,ttml to stl,,,,https://www.happyscribe.com/subtitle-tools/convert-ttml-to-stl
ttml, to ,smi,convert ttml to smi,,ttml to smi,,,,https://www.happyscribe.com/subtitle-tools/convert-ttml-to-smi
ttml, to ,xml,convert ttml to xml,,ttml to xml,,,,https://www.happyscribe.com/subtitle-tools/convert-ttml-to-xml
ttml, to ,dfxp,convert ttml to dfxp,,ttml to dfxp,,,,https://www.happyscribe.com/subtitle-tools/convert-ttml-to-dfxp
ttml, to ,rt,convert ttml to rt,,ttml to rt,,,,https://www.happyscribe.com/subtitle-tools/convert-ttml-to-rt
ttml, to ,scc,convert ttml to scc,,ttml to scc,,,,https://www.happyscribe.com/subtitle-tools/convert-ttml-to-scc
ttml, to ,ssa,convert ttml to ssa,,ttml to ssa,,,,https://www.happyscribe.com/subtitle-tools/convert-ttml-to-ssa
ttml, to ,sub,convert ttml to sub,,ttml to sub,,,,https://www.happyscribe.com/subtitle-tools/convert-ttml-to-sub
ttml, to ,vtt,convert ttml to vtt,,ttml to vtt,,,,https://www.happyscribe.com/subtitle-tools/convert-ttml-to-vtt
ttml, to ,lrc,convert ttml to lrc,,ttml to lrc,,,,https://www.happyscribe.com/subtitle-tools/convert-ttml-to-lrc
ttml, to ,word,convert ttml to word,,ttml to word,,,,https://www.happyscribe.com/subtitle-tools/convert-ttml-to-word
ttml, to ,pdf,convert ttml to pdf,,ttml to pdf,,,,https://www.happyscribe.com/subtitle-tools/convert-ttml-to-pdf
ttml, to ,docx,convert ttml to docx,,ttml to docx,,,,https://www.happyscribe.com/subtitle-tools/convert-ttml-to-docx
ttml, to ,doc,convert ttml to doc,,ttml to doc,,,,https://www.happyscribe.com/subtitle-tools/convert-ttml-to-doc
ttml, to ,sup,convert ttml to sup,,ttml to sup,,,,https://www.happyscribe.com/subtitle-tools/convert-ttml-to-sup
ttml, to ,itt,convert ttml to itt,,ttml to itt,,,,https://www.happyscribe.com/subtitle-tools/convert-ttml-to-itt
ttml, to ,webvtt,convert ttml to webvtt,,ttml to webvtt,,,,https://www.happyscribe.com/subtitle-tools/convert-ttml-to-webvtt
ttml, to ,idx,convert ttml to idx,,ttml to idx,,,,https://www.happyscribe.com/subtitle-tools/convert-ttml-to-idx
ttml, to ,rtmp,convert ttml to rtmp,,ttml to rtmp,,,,https://www.happyscribe.com/subtitle-tools/convert-ttml-to-rtmp
ttml, to ,pgs,convert ttml to pgs,,ttml to pgs,,,,https://www.happyscribe.com/subtitle-tools/convert-ttml-to-pgs
vtt, to ,csv,convert vtt to csv,,vtt to csv,,,,https://www.happyscribe.com/subtitle-tools/convert-vtt-to-csv
vtt, to ,qt,convert vtt to qt,,vtt to qt,,,,https://www.happyscribe.com/subtitle-tools/convert-vtt-to-qt
vtt, to ,sbv,convert vtt to sbv,,vtt to sbv,,,,https://www.happyscribe.com/subtitle-tools/convert-vtt-to-sbv
vtt, to ,stl,convert vtt to stl,,vtt to stl,,,,https://www.happyscribe.com/subtitle-tools/convert-vtt-to-stl
vtt, to ,smi,convert vtt to smi,,vtt to smi,,,,https://www.happyscribe.com/subtitle-tools/convert-vtt-to-smi
vtt, to ,xml,convert vtt to xml,,vtt to xml,,,,https://www.happyscribe.com/subtitle-tools/convert-vtt-to-xml
vtt, to ,dfxp,convert vtt to dfxp,,vtt to dfxp,,,,https://www.happyscribe.com/subtitle-tools/convert-vtt-to-dfxp
vtt, to ,rt,convert vtt to rt,,vtt to rt,,,,https://www.happyscribe.com/subtitle-tools/convert-vtt-to-rt
vtt, to ,scc,convert vtt to scc,,vtt to scc,,,,https://www.happyscribe.com/subtitle-tools/convert-vtt-to-scc
vtt, to ,ssa,convert vtt to ssa,,vtt to ssa,,,,https://www.happyscribe.com/subtitle-tools/convert-vtt-to-ssa
vtt, to ,sub,convert vtt to sub,,vtt to sub,,,,https://www.happyscribe.com/subtitle-tools/convert-vtt-to-sub
vtt, to ,ttml,convert vtt to ttml,,vtt to ttml,,,,https://www.happyscribe.com/subtitle-tools/convert-vtt-to-ttml
vtt, to ,sup,convert vtt to sup,,vtt to sup,,,,https://www.happyscribe.com/subtitle-tools/convert-vtt-to-sup
vtt, to ,itt,convert vtt to itt,,vtt to itt,,,,https://www.happyscribe.com/subtitle-tools/convert-vtt-to-itt
vtt, to ,webvtt,convert vtt to webvtt,,vtt to webvtt,,,,https://www.happyscribe.com/subtitle-tools/convert-vtt-to-webvtt
vtt, to ,idx,convert vtt to idx,,vtt to idx,,,,https://www.happyscribe.com/subtitle-tools/convert-vtt-to-idx
vtt, to ,rtmp,convert vtt to rtmp,,vtt to rtmp,,,,https://www.happyscribe.com/subtitle-tools/convert-vtt-to-rtmp
vtt, to ,pgs,convert vtt to pgs,,vtt to pgs,,,,https://www.happyscribe.com/subtitle-tools/convert-vtt-to-pgs
lrc, to ,csv,convert lrc to csv,,lrc to csv,,,,https://www.happyscribe.com/subtitle-tools/convert-lrc-to-csv
lrc, to ,qt,convert lrc to qt,,lrc to qt,,,,https://www.happyscribe.com/subtitle-tools/convert-lrc-to-qt
lrc, to ,sbv,convert lrc to sbv,,lrc to sbv,,,,https://www.happyscribe.com/subtitle-tools/convert-lrc-to-sbv
lrc, to ,stl,convert lrc to stl,,lrc to stl,,,,https://www.happyscribe.com/subtitle-tools/convert-lrc-to-stl
lrc, to ,smi,convert lrc to smi,,lrc to smi,,,,https://www.happyscribe.com/subtitle-tools/convert-lrc-to-smi
lrc, to ,txt,convert lrc to txt,,lrc to txt,,,,https://www.happyscribe.com/subtitle-tools/convert-lrc-to-txt
lrc, to ,xml,convert lrc to xml,,lrc to xml,,,,https://www.happyscribe.com/subtitle-tools/convert-lrc-to-xml
lrc, to ,dfxp,convert lrc to dfxp,,lrc to dfxp,,,,https://www.happyscribe.com/subtitle-tools/convert-lrc-to-dfxp
lrc, to ,rt,convert lrc to rt,,lrc to rt,,,,https://www.happyscribe.com/subtitle-tools/convert-lrc-to-rt
lrc, to ,scc,convert lrc to scc,,lrc to scc,,,,https://www.happyscribe.com/subtitle-tools/convert-lrc-to-scc
lrc, to ,ssa,convert lrc to ssa,,lrc to ssa,,,,https://www.happyscribe.com/subtitle-tools/convert-lrc-to-ssa
lrc, to ,sub,convert lrc to sub,,lrc to sub,,,,https://www.happyscribe.com/subtitle-tools/convert-lrc-to-sub
lrc, to ,ttml,convert lrc to ttml,,lrc to ttml,,,,https://www.happyscribe.com/subtitle-tools/convert-lrc-to-ttml
lrc, to ,vtt,convert lrc to vtt,,lrc to vtt,,,,https://www.happyscribe.com/subtitle-tools/convert-lrc-to-vtt
lrc, to ,word,convert lrc to word,,lrc to word,,,,https://www.happyscribe.com/subtitle-tools/convert-lrc-to-word
lrc, to ,pdf,convert lrc to pdf,,lrc to pdf,,,,https://www.happyscribe.com/subtitle-tools/convert-lrc-to-pdf
lrc, to ,docx,convert lrc to docx,,lrc to docx,,,,https://www.happyscribe.com/subtitle-tools/convert-lrc-to-docx
lrc, to ,doc,convert lrc to doc,,lrc to doc,,,,https://www.happyscribe.com/subtitle-tools/convert-lrc-to-doc
lrc, to ,sup,convert lrc to sup,,lrc to sup,,,,https://www.happyscribe.com/subtitle-tools/convert-lrc-to-sup
lrc, to ,itt,convert lrc to itt,,lrc to itt,,,,https://www.happyscribe.com/subtitle-tools/convert-lrc-to-itt
lrc, to ,webvtt,convert lrc to webvtt,,lrc to webvtt,,,,https://www.happyscribe.com/subtitle-tools/convert-lrc-to-webvtt
lrc, to ,idx,convert lrc to idx,,lrc to idx,,,,https://www.happyscribe.com/subtitle-tools/convert-lrc-to-idx
lrc, to ,rtmp,convert lrc to rtmp,,lrc to rtmp,,,,https://www.happyscribe.com/subtitle-tools/convert-lrc-to-rtmp
lrc, to ,pgs,convert lrc to pgs,,lrc to pgs,,,,https://www.happyscribe.com/subtitle-tools/convert-lrc-to-pgs
word, to ,qt,convert word to qt,,word to qt,,,,https://www.happyscribe.com/subtitle-tools/convert-word-to-qt
word, to ,sbv,convert word to sbv,,word to sbv,,,,https://www.happyscribe.com/subtitle-tools/convert-word-to-sbv
word, to ,smi,convert word to smi,,word to smi,,,,https://www.happyscribe.com/subtitle-tools/convert-word-to-smi
word, to ,dfxp,convert word to dfxp,,word to dfxp,,,,https://www.happyscribe.com/subtitle-tools/convert-word-to-dfxp
word, to ,rt,convert word to rt,,word to rt,,,,https://www.happyscribe.com/subtitle-tools/convert-word-to-rt
word, to ,scc,convert word to scc,,word to scc,,,,https://www.happyscribe.com/subtitle-tools/convert-word-to-scc
word, to ,ssa,convert word to ssa,,word to ssa,,,,https://www.happyscribe.com/subtitle-tools/convert-word-to-ssa
word, to ,sub,convert word to sub,,word to sub,,,,https://www.happyscribe.com/subtitle-tools/convert-word-to-sub
word, to ,ttml,convert word to ttml,,word to ttml,,,,https://www.happyscribe.com/subtitle-tools/convert-word-to-ttml
word, to ,lrc,convert word to lrc,,word to lrc,,,,https://www.happyscribe.com/subtitle-tools/convert-word-to-lrc
word, to ,sup,convert word to sup,,word to sup,,,,https://www.happyscribe.com/subtitle-tools/convert-word-to-sup
word, to ,itt,convert word to itt,,word to itt,,,,https://www.happyscribe.com/subtitle-tools/convert-word-to-itt
word, to ,webvtt,convert word to webvtt,,word to webvtt,,,,https://www.happyscribe.com/subtitle-tools/convert-word-to-webvtt
word, to ,idx,convert word to idx,,word to idx,,,,https://www.happyscribe.com/subtitle-tools/convert-word-to-idx
word, to ,rtmp,convert word to rtmp,,word to rtmp,,,,https://www.happyscribe.com/subtitle-tools/convert-word-to-rtmp
word, to ,pgs,convert word to pgs,,word to pgs,,,,https://www.happyscribe.com/subtitle-tools/convert-word-to-pgs
pdf, to ,qt,convert pdf to qt,,pdf to qt,,,,https://www.happyscribe.com/subtitle-tools/convert-pdf-to-qt
pdf, to ,sbv,convert pdf to sbv,,pdf to sbv,,,,https://www.happyscribe.com/subtitle-tools/convert-pdf-to-sbv
pdf, to ,smi,convert pdf to smi,,pdf to smi,,,,https://www.happyscribe.com/subtitle-tools/convert-pdf-to-smi
pdf, to ,dfxp,convert pdf to dfxp,,pdf to dfxp,,,,https://www.happyscribe.com/subtitle-tools/convert-pdf-to-dfxp
pdf, to ,rt,convert pdf to rt,,pdf to rt,,,,https://www.happyscribe.com/subtitle-tools/convert-pdf-to-rt
pdf, to ,scc,convert pdf to scc,,pdf to scc,,,,https://www.happyscribe.com/subtitle-tools/convert-pdf-to-scc
pdf, to ,ssa,convert pdf to ssa,,pdf to ssa,,,,https://www.happyscribe.com/subtitle-tools/convert-pdf-to-ssa
pdf, to ,sub,convert pdf to sub,,pdf to sub,,,,https://www.happyscribe.com/subtitle-tools/convert-pdf-to-sub
pdf, to ,ttml,convert pdf to ttml,,pdf to ttml,,,,https://www.happyscribe.com/subtitle-tools/convert-pdf-to-ttml
pdf, to ,lrc,convert pdf to lrc,,pdf to lrc,,,,https://www.happyscribe.com/subtitle-tools/convert-pdf-to-lrc
pdf, to ,sup,convert pdf to sup,,pdf to sup,,,,https://www.happyscribe.com/subtitle-tools/convert-pdf-to-sup
pdf, to ,itt,convert pdf to itt,,pdf to itt,,,,https://www.happyscribe.com/subtitle-tools/convert-pdf-to-itt
pdf, to ,webvtt,convert pdf to webvtt,,pdf to webvtt,,,,https://www.happyscribe.com/subtitle-tools/convert-pdf-to-webvtt
pdf, to ,idx,convert pdf to idx,,pdf to idx,,,,https://www.happyscribe.com/subtitle-tools/convert-pdf-to-idx
pdf, to ,rtmp,convert pdf to rtmp,,pdf to rtmp,,,,https://www.happyscribe.com/subtitle-tools/convert-pdf-to-rtmp
pdf, to ,pgs,convert pdf to pgs,,pdf to pgs,,,,https://www.happyscribe.com/subtitle-tools/convert-pdf-to-pgs
docx, to ,qt,convert docx to qt,,docx to qt,,,,https://www.happyscribe.com/subtitle-tools/convert-docx-to-qt
docx, to ,sbv,convert docx to sbv,,docx to sbv,,,,https://www.happyscribe.com/subtitle-tools/convert-docx-to-sbv
docx, to ,stl,convert docx to stl,,docx to stl,,,,https://www.happyscribe.com/subtitle-tools/convert-docx-to-stl
docx, to ,smi,convert docx to smi,,docx to smi,,,,https://www.happyscribe.com/subtitle-tools/convert-docx-to-smi
docx, to ,dfxp,convert docx to dfxp,,docx to dfxp,,,,https://www.happyscribe.com/subtitle-tools/convert-docx-to-dfxp
docx, to ,rt,convert docx to rt,,docx to rt,,,,https://www.happyscribe.com/subtitle-tools/convert-docx-to-rt
docx, to ,scc,convert docx to scc,,docx to scc,,,,https://www.happyscribe.com/subtitle-tools/convert-docx-to-scc
docx, to ,ssa,convert docx to ssa,,docx to ssa,,,,https://www.happyscribe.com/subtitle-tools/convert-docx-to-ssa
docx, to ,sub,convert docx to sub,,docx to sub,,,,https://www.happyscribe.com/subtitle-tools/convert-docx-to-sub
docx, to ,ttml,convert docx to ttml,,docx to ttml,,,,https://www.happyscribe.com/subtitle-tools/convert-docx-to-ttml
docx, to ,lrc,convert docx to lrc,,docx to lrc,,,,https://www.happyscribe.com/subtitle-tools/convert-docx-to-lrc
docx, to ,sup,convert docx to sup,,docx to sup,,,,https://www.happyscribe.com/subtitle-tools/convert-docx-to-sup
docx, to ,itt,convert docx to itt,,docx to itt,,,,https://www.happyscribe.com/subtitle-tools/convert-docx-to-itt
docx, to ,webvtt,convert docx to webvtt,,docx to webvtt,,,,https://www.happyscribe.com/subtitle-tools/convert-docx-to-webvtt
docx, to ,idx,convert docx to idx,,docx to idx,,,,https://www.happyscribe.com/subtitle-tools/convert-docx-to-idx
docx, to ,rtmp,convert docx to rtmp,,docx to rtmp,,,,https://www.happyscribe.com/subtitle-tools/convert-docx-to-rtmp
docx, to ,pgs,convert docx to pgs,,docx to pgs,,,,https://www.happyscribe.com/subtitle-tools/convert-docx-to-pgs
doc, to ,qt,convert doc to qt,,doc to qt,,,,https://www.happyscribe.com/subtitle-tools/convert-doc-to-qt
doc, to ,sbv,convert doc to sbv,,doc to sbv,,,,https://www.happyscribe.com/subtitle-tools/convert-doc-to-sbv
doc, to ,stl,convert doc to stl,,doc to stl,,,,https://www.happyscribe.com/subtitle-tools/convert-doc-to-stl
doc, to ,smi,convert doc to smi,,doc to smi,,,,https://www.happyscribe.com/subtitle-tools/convert-doc-to-smi
doc, to ,dfxp,convert doc to dfxp,,doc to dfxp,,,,https://www.happyscribe.com/subtitle-tools/convert-doc-to-dfxp
doc, to ,rt,convert doc to rt,,doc to rt,,,,https://www.happyscribe.com/subtitle-tools/convert-doc-to-rt
doc, to ,scc,convert doc to scc,,doc to scc,,,,https://www.happyscribe.com/subtitle-tools/convert-doc-to-scc
doc, to ,ssa,convert doc to ssa,,doc to ssa,,,,https://www.happyscribe.com/subtitle-tools/convert-doc-to-ssa
doc, to ,sub,convert doc to sub,,doc to sub,,,,https://www.happyscribe.com/subtitle-tools/convert-doc-to-sub
doc, to ,ttml,convert doc to ttml,,doc to ttml,,,,https://www.happyscribe.com/subtitle-tools/convert-doc-to-ttml
doc, to ,lrc,convert doc to lrc,,doc to lrc,,,,https://www.happyscribe.com/subtitle-tools/convert-doc-to-lrc
doc, to ,sup,convert doc to sup,,doc to sup,,,,https://www.happyscribe.com/subtitle-tools/convert-doc-to-sup
doc, to ,itt,convert doc to itt,,doc to itt,,,,https://www.happyscribe.com/subtitle-tools/convert-doc-to-itt
doc, to ,webvtt,convert doc to webvtt,,doc to webvtt,,,,https://www.happyscribe.com/subtitle-tools/convert-doc-to-webvtt
doc, to ,idx,convert doc to idx,,doc to idx,,,,https://www.happyscribe.com/subtitle-tools/convert-doc-to-idx
doc, to ,rtmp,convert doc to rtmp,,doc to rtmp,,,,https://www.happyscribe.com/subtitle-tools/convert-doc-to-rtmp
doc, to ,pgs,convert doc to pgs,,doc to pgs,,,,https://www.happyscribe.com/subtitle-tools/convert-doc-to-pgs
sup, to ,csv,convert sup to csv,,sup to csv,,,,https://www.happyscribe.com/subtitle-tools/convert-sup-to-csv
sup, to ,qt,convert sup to qt,,sup to qt,,,,https://www.happyscribe.com/subtitle-tools/convert-sup-to-qt
sup, to ,sbv,convert sup to sbv,,sup to sbv,,,,https://www.happyscribe.com/subtitle-tools/convert-sup-to-sbv
sup, to ,stl,convert sup to stl,,sup to stl,,,,https://www.happyscribe.com/subtitle-tools/convert-sup-to-stl
sup, to ,smi,convert sup to smi,,sup to smi,,,,https://www.happyscribe.com/subtitle-tools/convert-sup-to-smi
sup, to ,txt,convert sup to txt,,sup to txt,,,,https://www.happyscribe.com/subtitle-tools/convert-sup-to-txt
sup, to ,xml,convert sup to xml,,sup to xml,,,,https://www.happyscribe.com/subtitle-tools/convert-sup-to-xml
sup, to ,dfxp,convert sup to dfxp,,sup to dfxp,,,,https://www.happyscribe.com/subtitle-tools/convert-sup-to-dfxp
sup, to ,rt,convert sup to rt,,sup to rt,,,,https://www.happyscribe.com/subtitle-tools/convert-sup-to-rt
sup, to ,scc,convert sup to scc,,sup to scc,,,,https://www.happyscribe.com/subtitle-tools/convert-sup-to-scc
sup, to ,ssa,convert sup to ssa,,sup to ssa,,,,https://www.happyscribe.com/subtitle-tools/convert-sup-to-ssa
sup, to ,sub,convert sup to sub,,sup to sub,,,,https://www.happyscribe.com/subtitle-tools/convert-sup-to-sub
sup, to ,ttml,convert sup to ttml,,sup to ttml,,,,https://www.happyscribe.com/subtitle-tools/convert-sup-to-ttml
sup, to ,vtt,convert sup to vtt,,sup to vtt,,,,https://www.happyscribe.com/subtitle-tools/convert-sup-to-vtt
sup, to ,lrc,convert sup to lrc,,sup to lrc,,,,https://www.happyscribe.com/subtitle-tools/convert-sup-to-lrc
sup, to ,word,convert sup to word,,sup to word,,,,https://www.happyscribe.com/subtitle-tools/convert-sup-to-word
sup, to ,pdf,convert sup to pdf,,sup to pdf,,,,https://www.happyscribe.com/subtitle-tools/convert-sup-to-pdf
sup, to ,docx,convert sup to docx,,sup to docx,,,,https://www.happyscribe.com/subtitle-tools/convert-sup-to-docx
sup, to ,doc,convert sup to doc,,sup to doc,,,,https://www.happyscribe.com/subtitle-tools/convert-sup-to-doc
sup, to ,itt,convert sup to itt,,sup to itt,,,,https://www.happyscribe.com/subtitle-tools/convert-sup-to-itt
sup, to ,webvtt,convert sup to webvtt,,sup to webvtt,,,,https://www.happyscribe.com/subtitle-tools/convert-sup-to-webvtt
sup, to ,idx,convert sup to idx,,sup to idx,,,,https://www.happyscribe.com/subtitle-tools/convert-sup-to-idx
sup, to ,rtmp,convert sup to rtmp,,sup to rtmp,,,,https://www.happyscribe.com/subtitle-tools/convert-sup-to-rtmp
sup, to ,pgs,convert sup to pgs,,sup to pgs,,,,https://www.happyscribe.com/subtitle-tools/convert-sup-to-pgs
itt, to ,csv,convert itt to csv,,itt to csv,,,,https://www.happyscribe.com/subtitle-tools/convert-itt-to-csv
itt, to ,qt,convert itt to qt,,itt to qt,,,,https://www.happyscribe.com/subtitle-tools/convert-itt-to-qt
itt, to ,sbv,convert itt to sbv,,itt to sbv,,,,https://www.happyscribe.com/subtitle-tools/convert-itt-to-sbv
itt, to ,stl,convert itt to stl,,itt to stl,,,,https://www.happyscribe.com/subtitle-tools/convert-itt-to-stl
itt, to ,smi,convert itt to smi,,itt to smi,,,,https://www.happyscribe.com/subtitle-tools/convert-itt-to-smi
itt, to ,txt,convert itt to txt,,itt to txt,,,,https://www.happyscribe.com/subtitle-tools/convert-itt-to-txt
itt, to ,xml,convert itt to xml,,itt to xml,,,,https://www.happyscribe.com/subtitle-tools/convert-itt-to-xml
itt, to ,dfxp,convert itt to dfxp,,itt to dfxp,,,,https://www.happyscribe.com/subtitle-tools/convert-itt-to-dfxp
itt, to ,rt,convert itt to rt,,itt to rt,,,,https://www.happyscribe.com/subtitle-tools/convert-itt-to-rt
itt, to ,scc,convert itt to scc,,itt to scc,,,,https://www.happyscribe.com/subtitle-tools/convert-itt-to-scc
itt, to ,ssa,convert itt to ssa,,itt to ssa,,,,https://www.happyscribe.com/subtitle-tools/convert-itt-to-ssa
itt, to ,sub,convert itt to sub,,itt to sub,,,,https://www.happyscribe.com/subtitle-tools/convert-itt-to-sub
itt, to ,ttml,convert itt to ttml,,itt to ttml,,,,https://www.happyscribe.com/subtitle-tools/convert-itt-to-ttml
itt, to ,vtt,convert itt to vtt,,itt to vtt,,,,https://www.happyscribe.com/subtitle-tools/convert-itt-to-vtt
itt, to ,lrc,convert itt to lrc,,itt to lrc,,,,https://www.happyscribe.com/subtitle-tools/convert-itt-to-lrc
itt, to ,word,convert itt to word,,itt to word,,,,https://www.happyscribe.com/subtitle-tools/convert-itt-to-word
itt, to ,pdf,convert itt to pdf,,itt to pdf,,,,https://www.happyscribe.com/subtitle-tools/convert-itt-to-pdf
itt, to ,docx,convert itt to docx,,itt to docx,,,,https://www.happyscribe.com/subtitle-tools/convert-itt-to-docx
itt, to ,doc,convert itt to doc,,itt to doc,,,,https://www.happyscribe.com/subtitle-tools/convert-itt-to-doc
itt, to ,sup,convert itt to sup,,itt to sup,,,,https://www.happyscribe.com/subtitle-tools/convert-itt-to-sup
itt, to ,webvtt,convert itt to webvtt,,itt to webvtt,,,,https://www.happyscribe.com/subtitle-tools/convert-itt-to-webvtt
itt, to ,idx,convert itt to idx,,itt to idx,,,,https://www.happyscribe.com/subtitle-tools/convert-itt-to-idx
itt, to ,rtmp,convert itt to rtmp,,itt to rtmp,,,,https://www.happyscribe.com/subtitle-tools/convert-itt-to-rtmp
itt, to ,pgs,convert itt to pgs,,itt to pgs,,,,https://www.happyscribe.com/subtitle-tools/convert-itt-to-pgs
webvtt, to ,csv,convert webvtt to csv,,webvtt to csv,,,,https://www.happyscribe.com/subtitle-tools/convert-webvtt-to-csv
webvtt, to ,qt,convert webvtt to qt,,webvtt to qt,,,,https://www.happyscribe.com/subtitle-tools/convert-webvtt-to-qt
webvtt, to ,sbv,convert webvtt to sbv,,webvtt to sbv,,,,https://www.happyscribe.com/subtitle-tools/convert-webvtt-to-sbv
webvtt, to ,stl,convert webvtt to stl,,webvtt to stl,,,,https://www.happyscribe.com/subtitle-tools/convert-webvtt-to-stl
webvtt, to ,smi,convert webvtt to smi,,webvtt to smi,,,,https://www.happyscribe.com/subtitle-tools/convert-webvtt-to-smi
webvtt, to ,txt,convert webvtt to txt,,webvtt to txt,,,,https://www.happyscribe.com/subtitle-tools/convert-webvtt-to-txt
webvtt, to ,xml,convert webvtt to xml,,webvtt to xml,,,,https://www.happyscribe.com/subtitle-tools/convert-webvtt-to-xml
webvtt, to ,dfxp,convert webvtt to dfxp,,webvtt to dfxp,,,,https://www.happyscribe.com/subtitle-tools/convert-webvtt-to-dfxp
webvtt, to ,rt,convert webvtt to rt,,webvtt to rt,,,,https://www.happyscribe.com/subtitle-tools/convert-webvtt-to-rt
webvtt, to ,scc,convert webvtt to scc,,webvtt to scc,,,,https://www.happyscribe.com/subtitle-tools/convert-webvtt-to-scc
webvtt, to ,ssa,convert webvtt to ssa,,webvtt to ssa,,,,https://www.happyscribe.com/subtitle-tools/convert-webvtt-to-ssa
webvtt, to ,sub,convert webvtt to sub,,webvtt to sub,,,,https://www.happyscribe.com/subtitle-tools/convert-webvtt-to-sub
webvtt, to ,ttml,convert webvtt to ttml,,webvtt to ttml,,,,https://www.happyscribe.com/subtitle-tools/convert-webvtt-to-ttml
webvtt, to ,vtt,convert webvtt to vtt,,webvtt to vtt,,,,https://www.happyscribe.com/subtitle-tools/convert-webvtt-to-vtt
webvtt, to ,lrc,convert webvtt to lrc,,webvtt to lrc,,,,https://www.happyscribe.com/subtitle-tools/convert-webvtt-to-lrc
webvtt, to ,word,convert webvtt to word,,webvtt to word,,,,https://www.happyscribe.com/subtitle-tools/convert-webvtt-to-word
webvtt, to ,pdf,convert webvtt to pdf,,webvtt to pdf,,,,https://www.happyscribe.com/subtitle-tools/convert-webvtt-to-pdf
webvtt, to ,docx,convert webvtt to docx,,webvtt to docx,,,,https://www.happyscribe.com/subtitle-tools/convert-webvtt-to-docx
webvtt, to ,doc,convert webvtt to doc,,webvtt to doc,,,,https://www.happyscribe.com/subtitle-tools/convert-webvtt-to-doc
webvtt, to ,sup,convert webvtt to sup,,webvtt to sup,,,,https://www.happyscribe.com/subtitle-tools/convert-webvtt-to-sup
webvtt, to ,itt,convert webvtt to itt,,webvtt to itt,,,,https://www.happyscribe.com/subtitle-tools/convert-webvtt-to-itt
webvtt, to ,idx,convert webvtt to idx,,webvtt to idx,,,,https://www.happyscribe.com/subtitle-tools/convert-webvtt-to-idx
webvtt, to ,rtmp,convert webvtt to rtmp,,webvtt to rtmp,,,,https://www.happyscribe.com/subtitle-tools/convert-webvtt-to-rtmp
webvtt, to ,pgs,convert webvtt to pgs,,webvtt to pgs,,,,https://www.happyscribe.com/subtitle-tools/convert-webvtt-to-pgs
idx, to ,csv,convert idx to csv,,idx to csv,,,,https://www.happyscribe.com/subtitle-tools/convert-idx-to-csv
idx, to ,qt,convert idx to qt,,idx to qt,,,,https://www.happyscribe.com/subtitle-tools/convert-idx-to-qt
idx, to ,sbv,convert idx to sbv,,idx to sbv,,,,https://www.happyscribe.com/subtitle-tools/convert-idx-to-sbv
idx, to ,stl,convert idx to stl,,idx to stl,,,,https://www.happyscribe.com/subtitle-tools/convert-idx-to-stl
idx, to ,smi,convert idx to smi,,idx to smi,,,,https://www.happyscribe.com/subtitle-tools/convert-idx-to-smi
idx, to ,txt,convert idx to txt,,idx to txt,,,,https://www.happyscribe.com/subtitle-tools/convert-idx-to-txt
idx, to ,xml,convert idx to xml,,idx to xml,,,,https://www.happyscribe.com/subtitle-tools/convert-idx-to-xml
idx, to ,dfxp,convert idx to dfxp,,idx to dfxp,,,,https://www.happyscribe.com/subtitle-tools/convert-idx-to-dfxp
idx, to ,rt,convert idx to rt,,idx to rt,,,,https://www.happyscribe.com/subtitle-tools/convert-idx-to-rt
idx, to ,scc,convert idx to scc,,idx to scc,,,,https://www.happyscribe.com/subtitle-tools/convert-idx-to-scc
idx, to ,ssa,convert idx to ssa,,idx to ssa,,,,https://www.happyscribe.com/subtitle-tools/convert-idx-to-ssa
idx, to ,sub,convert idx to sub,,idx to sub,,,,https://www.happyscribe.com/subtitle-tools/convert-idx-to-sub
idx, to ,ttml,convert idx to ttml,,idx to ttml,,,,https://www.happyscribe.com/subtitle-tools/convert-idx-to-ttml
idx, to ,vtt,convert idx to vtt,,idx to vtt,,,,https://www.happyscribe.com/subtitle-tools/convert-idx-to-vtt
idx, to ,lrc,convert idx to lrc,,idx to lrc,,,,https://www.happyscribe.com/subtitle-tools/convert-idx-to-lrc
idx, to ,word,convert idx to word,,idx to word,,,,https://www.happyscribe.com/subtitle-tools/convert-idx-to-word
idx, to ,pdf,convert idx to pdf,,idx to pdf,,,,https://www.happyscribe.com/subtitle-tools/convert-idx-to-pdf
idx, to ,docx,convert idx to docx,,idx to docx,,,,https://www.happyscribe.com/subtitle-tools/convert-idx-to-docx
idx, to ,doc,convert idx to doc,,idx to doc,,,,https://www.happyscribe.com/subtitle-tools/convert-idx-to-doc
idx, to ,sup,convert idx to sup,,idx to sup,,,,https://www.happyscribe.com/subtitle-tools/convert-idx-to-sup
idx, to ,itt,convert idx to itt,,idx to itt,,,,https://www.happyscribe.com/subtitle-tools/convert-idx-to-itt
idx, to ,webvtt,convert idx to webvtt,,idx to webvtt,,,,https://www.happyscribe.com/subtitle-tools/convert-idx-to-webvtt
idx, to ,rtmp,convert idx to rtmp,,idx to rtmp,,,,https://www.happyscribe.com/subtitle-tools/convert-idx-to-rtmp
idx, to ,pgs,convert idx to pgs,,idx to pgs,,,,https://www.happyscribe.com/subtitle-tools/convert-idx-to-pgs
rtmp, to ,csv,convert rtmp to csv,,rtmp to csv,,,,https://www.happyscribe.com/subtitle-tools/convert-rtmp-to-csv
rtmp, to ,qt,convert rtmp to qt,,rtmp to qt,,,,https://www.happyscribe.com/subtitle-tools/convert-rtmp-to-qt
rtmp, to ,sbv,convert rtmp to sbv,,rtmp to sbv,,,,https://www.happyscribe.com/subtitle-tools/convert-rtmp-to-sbv
rtmp, to ,srt,convert rtmp to srt,,rtmp to srt,,,,https://www.happyscribe.com/subtitle-tools/convert-rtmp-to-srt
rtmp, to ,stl,convert rtmp to stl,,rtmp to stl,,,,https://www.happyscribe.com/subtitle-tools/convert-rtmp-to-stl
rtmp, to ,smi,convert rtmp to smi,,rtmp to smi,,,,https://www.happyscribe.com/subtitle-tools/convert-rtmp-to-smi
rtmp, to ,txt,convert rtmp to txt,,rtmp to txt,,,,https://www.happyscribe.com/subtitle-tools/convert-rtmp-to-txt
rtmp, to ,xml,convert rtmp to xml,,rtmp to xml,,,,https://www.happyscribe.com/subtitle-tools/convert-rtmp-to-xml
rtmp, to ,dfxp,convert rtmp to dfxp,,rtmp to dfxp,,,,https://www.happyscribe.com/subtitle-tools/convert-rtmp-to-dfxp
rtmp, to ,rt,convert rtmp to rt,,rtmp to rt,,,,https://www.happyscribe.com/subtitle-tools/convert-rtmp-to-rt
rtmp, to ,scc,convert rtmp to scc,,rtmp to scc,,,,https://www.happyscribe.com/subtitle-tools/convert-rtmp-to-scc
rtmp, to ,ssa,convert rtmp to ssa,,rtmp to ssa,,,,https://www.happyscribe.com/subtitle-tools/convert-rtmp-to-ssa
rtmp, to ,sub,convert rtmp to sub,,rtmp to sub,,,,https://www.happyscribe.com/subtitle-tools/convert-rtmp-to-sub
rtmp, to ,ttml,convert rtmp to ttml,,rtmp to ttml,,,,https://www.happyscribe.com/subtitle-tools/convert-rtmp-to-ttml
rtmp, to ,vtt,convert rtmp to vtt,,rtmp to vtt,,,,https://www.happyscribe.com/subtitle-tools/convert-rtmp-to-vtt
rtmp, to ,lrc,convert rtmp to lrc,,rtmp to lrc,,,,https://www.happyscribe.com/subtitle-tools/convert-rtmp-to-lrc
rtmp, to ,word,convert rtmp to word,,rtmp to word,,,,https://www.happyscribe.com/subtitle-tools/convert-rtmp-to-word
rtmp, to ,pdf,convert rtmp to pdf,,rtmp to pdf,,,,https://www.happyscribe.com/subtitle-tools/convert-rtmp-to-pdf
rtmp, to ,docx,convert rtmp to docx,,rtmp to docx,,,,https://www.happyscribe.com/subtitle-tools/convert-rtmp-to-docx
rtmp, to ,doc,convert rtmp to doc,,rtmp to doc,,,,https://www.happyscribe.com/subtitle-tools/convert-rtmp-to-doc
rtmp, to ,sup,convert rtmp to sup,,rtmp to sup,,,,https://www.happyscribe.com/subtitle-tools/convert-rtmp-to-sup
rtmp, to ,itt,convert rtmp to itt,,rtmp to itt,,,,https://www.happyscribe.com/subtitle-tools/convert-rtmp-to-itt
rtmp, to ,webvtt,convert rtmp to webvtt,,rtmp to webvtt,,,,https://www.happyscribe.com/subtitle-tools/convert-rtmp-to-webvtt
rtmp, to ,idx,convert rtmp to idx,,rtmp to idx,,,,https://www.happyscribe.com/subtitle-tools/convert-rtmp-to-idx
rtmp, to ,pgs,convert rtmp to pgs,,rtmp to pgs,,,,https://www.happyscribe.com/subtitle-tools/convert-rtmp-to-pgs
pgs, to ,csv,convert pgs to csv,,pgs to csv,,,,https://www.happyscribe.com/subtitle-tools/convert-pgs-to-csv
pgs, to ,qt,convert pgs to qt,,pgs to qt,,,,https://www.happyscribe.com/subtitle-tools/convert-pgs-to-qt
pgs, to ,sbv,convert pgs to sbv,,pgs to sbv,,,,https://www.happyscribe.com/subtitle-tools/convert-pgs-to-sbv
pgs, to ,stl,convert pgs to stl,,pgs to stl,,,,https://www.happyscribe.com/subtitle-tools/convert-pgs-to-stl
pgs, to ,smi,convert pgs to smi,,pgs to smi,,,,https://www.happyscribe.com/subtitle-tools/convert-pgs-to-smi
pgs, to ,txt,convert pgs to txt,,pgs to txt,,,,https://www.happyscribe.com/subtitle-tools/convert-pgs-to-txt
pgs, to ,xml,convert pgs to xml,,pgs to xml,,,,https://www.happyscribe.com/subtitle-tools/convert-pgs-to-xml
pgs, to ,dfxp,convert pgs to dfxp,,pgs to dfxp,,,,https://www.happyscribe.com/subtitle-tools/convert-pgs-to-dfxp
pgs, to ,rt,convert pgs to rt,,pgs to rt,,,,https://www.happyscribe.com/subtitle-tools/convert-pgs-to-rt
pgs, to ,scc,convert pgs to scc,,pgs to scc,,,,https://www.happyscribe.com/subtitle-tools/convert-pgs-to-scc
pgs, to ,ssa,convert pgs to ssa,,pgs to ssa,,,,https://www.happyscribe.com/subtitle-tools/convert-pgs-to-ssa
pgs, to ,sub,convert pgs to sub,,pgs to sub,,,,https://www.happyscribe.com/subtitle-tools/convert-pgs-to-sub
pgs, to ,ttml,convert pgs to ttml,,pgs to ttml,,,,https://www.happyscribe.com/subtitle-tools/convert-pgs-to-ttml
pgs, to ,vtt,convert pgs to vtt,,pgs to vtt,,,,https://www.happyscribe.com/subtitle-tools/convert-pgs-to-vtt
pgs, to ,lrc,convert pgs to lrc,,pgs to lrc,,,,https://www.happyscribe.com/subtitle-tools/convert-pgs-to-lrc
pgs, to ,word,convert pgs to word,,pgs to word,,,,https://www.happyscribe.com/subtitle-tools/convert-pgs-to-word
pgs, to ,pdf,convert pgs to pdf,,pgs to pdf,,,,https://www.happyscribe.com/subtitle-tools/convert-pgs-to-pdf
pgs, to ,docx,convert pgs to docx,,pgs to docx,,,,https://www.happyscribe.com/subtitle-tools/convert-pgs-to-docx
pgs, to ,doc,convert pgs to doc,,pgs to doc,,,,https://www.happyscribe.com/subtitle-tools/convert-pgs-to-doc
pgs, to ,sup,convert pgs to sup,,pgs to sup,,,,https://www.happyscribe.com/subtitle-tools/convert-pgs-to-sup
pgs, to ,itt,convert pgs to itt,,pgs to itt,,,,https://www.happyscribe.com/subtitle-tools/convert-pgs-to-itt
pgs, to ,webvtt,convert pgs to webvtt,,pgs to webvtt,,,,https://www.happyscribe.com/subtitle-tools/convert-pgs-to-webvtt
pgs, to ,idx,convert pgs to idx,,pgs to idx,,,,https://www.happyscribe.com/subtitle-tools/convert-pgs-to-idx
pgs, to ,rtmp,convert pgs to rtmp,,pgs to rtmp,,,,https://www.happyscribe.com/subtitle-tools/convert-pgs-to-rtmp